cr0001,0,46.066872,11.117415,1220,VIA T. GAR
cr0002,0,46.067013,11.117392,1220,VIA T. GAR
cr0003,0,46.067112,11.117369,1220,VIA T. GAR
cr0004,0,46.067242,11.117344,1220,VIA T. GAR
cr0005,0,46.067478,11.117294,1220,VIA T. GAR
cr0006,0,46.067574,11.117279,1220,VIA T. GAR
cr0007,0,46.067684,11.117262,1220,VIA T. GAR
cr0008,0,46.067780,11.117228,1220,VIA T. GAR
cr0009,0,46.067917,11.117111,1220,VIA T. GAR
cr0010,0,46.067795,11.117139,1220,VIA T. GAR
cr0011,0,46.067657,11.117166,1220,VIA T. GAR
cr0012,0,46.067543,11.117190,1220,VIA T. GAR
cr0013,0,46.066750,11.129049,450,VIA BRIGATA ACQUI
cr0014,0,46.066677,11.129020,450,VIA BRIGATA ACQUI
cr0015,0,46.066574,11.128958,450,VIA BRIGATA ACQUI
cr0016,0,46.066471,11.128907,450,VIA BRIGATA ACQUI
cr0017,0,46.066322,11.128830,450,VIA BRIGATA ACQUI
cr0018,0,46.066250,11.128787,450,VIA BRIGATA ACQUI
cr0019,0,46.066162,11.128738,450,VIA BRIGATA ACQUI
cr0020,0,46.066097,11.128700,450,VIA BRIGATA ACQUI
cr0021,0,46.066021,11.128653,450,VIA BRIGATA ACQUI
cr0022,0,46.065823,11.128546,450,VIA BRIGATA ACQUI
cr0023,0,46.065151,11.128194,450,VIA BRIGATA ACQUI
cr0024,0,46.065273,11.128259,450,VIA BRIGATA ACQUI
cr0025,0,46.065334,11.128293,450,VIA BRIGATA ACQUI
cr0026,0,46.065395,11.128317,450,VIA BRIGATA ACQUI
cr0027,0,46.065483,11.128378,450,VIA BRIGATA ACQUI
cr0028,0,46.065582,11.128433,450,VIA BRIGATA ACQUI
cr0029,0,46.066387,11.127385,2250,VIA DEI PARADISI
cr0030,0,46.066513,11.127449,2250,VIA DEI PARADISI
cr0031,0,46.066601,11.127498,2250,VIA DEI PARADISI
cr0032,0,46.066730,11.127565,2250,VIA DEI PARADISI
cr0033,0,46.066853,11.127631,2250,VIA DEI PARADISI
cr0034,0,46.066971,11.127696,2250,VIA DEI PARADISI
cr0035,0,46.071533,11.123043,1280,VIA A. GAZZOLETTI
cr0036,0,46.071465,11.123229,1280,VIA A. GAZZOLETTI
cr0037,0,46.071369,11.123501,1280,VIA A. GAZZOLETTI
cr0038,0,46.071316,11.123688,1280,VIA A. GAZZOLETTI
cr0039,0,46.066563,11.129722,1400,VIA DON GIUSEPPE GRAZIOLI
cr0040,0,46.066498,11.129822,1400,VIA DON GIUSEPPE GRAZIOLI
cr0041,0,46.069759,11.117520,1500,PIAZZA LEONARDO DA VINCI
cr0042,0,46.069809,11.117580,1500,PIAZZA LEONARDO DA VINCI
cr0043,0,46.069839,11.117650,1500,PIAZZA LEONARDO DA VINCI
cr0044,0,46.069851,11.117687,1500,PIAZZA LEONARDO DA VINCI
cr0045,0,46.072441,11.123792,2360,VIA F. PETRARCA
cr0046,0,46.072330,11.123712,2360,VIA F. PETRARCA
cr0047,0,46.072170,11.123584,2360,VIA F. PETRARCA
cr0048,0,46.072018,11.123456,2360,VIA F. PETRARCA
cr0049,0,46.071907,11.123357,2360,VIA F. PETRARCA
cr0050,0,46.071800,11.123250,2360,VIA F. PETRARCA
cr0051,0,46.072468,11.123705,2360,VIA F. PETRARCA
cr0052,0,46.072258,11.123556,2360,VIA F. PETRARCA
cr0053,0,46.072132,11.123460,2360,VIA F. PETRARCA
cr0054,0,46.071983,11.123327,2360,VIA F. PETRARCA
cr0055,0,46.071835,11.123186,2360,VIA F. PETRARCA
cr0056,0,46.071770,11.123117,2360,VIA F. PETRARCA
cr0057,0,46.071686,11.123031,2360,VIA F. PETRARCA
cr0058,0,46.070473,11.127962,740,VIA DELLA CERVARA
cr0059,0,46.070385,11.127959,740,VIA DELLA CERVARA
cr0060,0,46.070301,11.127946,740,VIA DELLA CERVARA
cr0061,0,46.070236,11.127948,740,VIA DELLA CERVARA
cr0062,0,46.069897,11.127722,2475,PORT'AQUILA
cr0063,0,46.069859,11.127706,2475,PORT'AQUILA
cr0064,0,46.069817,11.127710,2475,PORT'AQUILA
cr0065,0,46.073273,11.122398,3370,VIA C. VANNETTI
cr0066,0,46.073387,11.122476,3370,VIA C. VANNETTI
cr0067,0,46.073509,11.122561,3370,VIA C. VANNETTI
cr0068,0,46.073608,11.122635,3370,VIA C. VANNETTI
cr0069,0,46.073830,11.122778,3370,VIA C. VANNETTI
cr0070,0,46.073952,11.122859,3370,VIA C. VANNETTI
cr0071,0,46.074059,11.122928,3370,VIA C. VANNETTI
cr0072,0,46.074471,11.123230,3370,VIA C. VANNETTI
cr0073,0,46.074593,11.123310,3370,VIA C. VANNETTI
cr0074,0,46.072491,11.124778,1730,VIA A. MANZONI
cr0075,0,46.072655,11.124811,1730,VIA A. MANZONI
cr0076,0,46.072819,11.124849,1730,VIA A. MANZONI
cr0077,0,46.073009,11.124890,1730,VIA A. MANZONI
cr0078,0,46.073380,11.124881,1730,VIA A. MANZONI
cr0079,0,46.073650,11.124876,1730,VIA A. MANZONI
cr0080,0,46.073830,11.124875,1730,VIA A. MANZONI
cr0081,0,46.074005,11.124868,1730,VIA A. MANZONI
cr0082,0,46.072533,11.124902,1730,VIA A. MANZONI
cr0083,0,46.072708,11.124938,1730,VIA A. MANZONI
cr0084,0,46.072891,11.124983,1730,VIA A. MANZONI
cr0085,0,46.073544,11.125002,1730,VIA A. MANZONI
cr0086,0,46.073841,11.124997,1730,VIA A. MANZONI
cr0087,0,46.073990,11.124995,1730,VIA A. MANZONI
cr0088,0,46.074116,11.124995,1730,VIA A. MANZONI
cr0089,0,46.070404,11.122045,3310,VIA TORRE VERDE
cr0090,0,46.070446,11.122202,3310,VIA TORRE VERDE
cr0091,0,46.070511,11.122388,3310,VIA TORRE VERDE
cr0092,0,46.070545,11.122481,3310,VIA TORRE VERDE
cr0093,0,46.070576,11.122581,3310,VIA TORRE VERDE
cr0094,0,46.070889,11.123324,3310,VIA TORRE VERDE
cr0095,0,46.070934,11.123431,3310,VIA TORRE VERDE
cr0096,0,46.071003,11.123586,60,VICOLO DELL'ADIGE
cr0097,0,46.071064,11.123711,3310,VIA TORRE VERDE
cr0098,0,46.069691,11.118242,2530,VIA DELLA PREPOSITURA
cr0099,0,46.069550,11.118353,2530,VIA DELLA PREPOSITURA
cr0100,0,46.069298,11.118587,2530,VIA DELLA PREPOSITURA
cr0101,0,46.069164,11.118619,2530,VIA DELLA PREPOSITURA
cr0102,0,46.069080,11.118638,2530,VIA DELLA PREPOSITURA
cr0103,0,46.066174,11.117555,1420,VIA V. INAMA
cr0104,0,46.066044,11.117580,1420,VIA V. INAMA
cr0105,0,46.065891,11.117616,1420,VIA V. INAMA
cr0106,0,46.065765,11.117644,1420,VIA V. INAMA
cr0107,0,46.065578,11.117681,1420,VIA V. INAMA
cr0108,0,46.065311,11.117736,1420,VIA V. INAMA
cr0109,0,46.066048,11.117492,1420,VIA V. INAMA
cr0110,0,46.065868,11.117523,1420,VIA V. INAMA
cr0111,0,46.065556,11.117592,1420,VIA V. INAMA
cr0112,0,46.065311,11.117645,1420,VIA V. INAMA
cr0113,0,46.074394,11.123208,3370,VIA C. VANNETTI
cr0114,0,46.074299,11.123265,30,VIA J. ACONCIO
cr0115,0,46.074287,11.123308,30,VIA J. ACONCIO
cr0116,0,46.074345,11.123713,30,VIA J. ACONCIO
cr0117,0,46.074371,11.123939,30,VIA J. ACONCIO
cr0118,0,46.074238,11.123299,30,VIA J. ACONCIO
cr0119,0,46.074272,11.123599,30,VIA J. ACONCIO
cr0120,0,46.065685,11.128346,2450,VIA C. A. PILATI
cr0121,0,46.065720,11.128226,2450,VIA C. A. PILATI
cr0122,0,46.065746,11.128113,2450,VIA C. A. PILATI
cr0123,0,46.065777,11.128003,2450,VIA C. A. PILATI
cr0124,0,46.065807,11.127902,2450,VIA C. A. PILATI
cr0125,0,46.065830,11.127802,2450,VIA C. A. PILATI
cr0126,0,46.065842,11.127767,2450,VIA C. A. PILATI
cr0127,0,46.065857,11.127685,2450,VIA C. A. PILATI
cr0128,0,46.065884,11.127567,2450,VIA C. A. PILATI
cr0129,0,46.065922,11.127458,2450,VIA C. A. PILATI
cr0130,0,46.066013,11.127028,2450,VIA C. A. PILATI
cr0131,0,46.066048,11.126912,2450,VIA C. A. PILATI
cr0132,0,46.066082,11.126807,2450,VIA C. A. PILATI
cr0133,0,46.070530,11.121563,880,PIAZZA DANTE
cr0134,0,46.070557,11.121553,880,PIAZZA DANTE
cr0135,0,46.070599,11.121536,880,PIAZZA DANTE
cr0136,0,46.071129,11.121255,880,PIAZZA DANTE
cr0137,0,46.071178,11.121237,880,PIAZZA DANTE
cr0138,0,46.071224,11.121232,880,PIAZZA DANTE
cr0139,0,46.071278,11.121219,880,PIAZZA DANTE
cr0140,0,46.071735,11.121254,880,PIAZZA DANTE
cr0141,0,46.071754,11.121272,880,PIAZZA DANTE
cr0142,0,46.071777,11.121282,880,PIAZZA DANTE
cr0143,0,46.071800,11.121299,880,PIAZZA DANTE
cr0144,0,46.071819,11.121313,880,PIAZZA DANTE
cr0145,0,46.071842,11.121326,880,PIAZZA DANTE
cr0146,0,46.071861,11.121343,880,PIAZZA DANTE
cr0147,0,46.067722,11.118726,2670,VIA A. ROSMINI
cr0148,0,46.064926,11.133821,3550,VIA ZARA
cr0149,0,46.064777,11.133771,3550,VIA ZARA
cr0150,0,46.064613,11.133654,3550,VIA ZARA
cr0151,0,46.064487,11.133597,3550,VIA ZARA
cr0152,0,46.064407,11.133389,3550,VIA ZARA
cr0153,0,46.064346,11.133363,3550,VIA ZARA
cr0154,0,46.064308,11.133174,3550,VIA ZARA
cr0155,0,46.064339,11.132994,3550,VIA ZARA
cr0156,0,46.064278,11.132859,3550,VIA ZARA
cr0157,0,46.064312,11.132762,3550,VIA ZARA
cr0158,0,46.064243,11.132651,3550,VIA ZARA
cr0159,0,46.064278,11.132495,3550,VIA ZARA
cr0160,0,46.064224,11.132333,3550,VIA ZARA
cr0161,0,46.064224,11.132192,3550,VIA ZARA
cr0162,0,46.064232,11.132055,3550,VIA ZARA
cr0163,0,46.064278,11.132023,3550,VIA ZARA
cr0164,0,46.064240,11.131847,3550,VIA ZARA
cr0165,0,46.064243,11.131614,3550,VIA ZARA
cr0166,0,46.064289,11.131663,3550,VIA ZARA
cr0167,0,46.064297,11.131394,3550,VIA ZARA
cr0168,0,46.062988,11.126850,2370,VIA PIAVE
cr0169,0,46.062893,11.126742,2370,VIA PIAVE
cr0170,0,46.062782,11.126582,2370,VIA PIAVE
cr0171,0,46.062687,11.126440,2370,VIA PIAVE
cr0172,0,46.062233,11.125101,2370,VIA PIAVE
cr0173,0,46.062206,11.125033,2370,VIA PIAVE
cr0174,0,46.062187,11.124937,2370,VIA PIAVE
cr0175,0,46.062157,11.124854,2370,VIA PIAVE
cr0176,0,46.062130,11.124756,2370,VIA PIAVE
cr0177,0,46.062111,11.124674,2370,VIA PIAVE
cr0178,0,46.077530,11.124080,1660,VIA DELLA MALVASIA
cr0179,0,46.077400,11.124218,1660,VIA DELLA MALVASIA
cr0180,0,46.077045,11.124492,1660,VIA DELLA MALVASIA
cr0181,0,46.076908,11.124575,1660,VIA DELLA MALVASIA
cr0182,0,46.076740,11.124742,1660,VIA DELLA MALVASIA
cr0183,0,46.076305,11.124887,1660,VIA DELLA MALVASIA
cr0184,0,46.076107,11.124923,1660,VIA DELLA MALVASIA
cr0185,0,46.075954,11.124933,1660,VIA DELLA MALVASIA
cr0186,0,46.075878,11.124948,1660,VIA DELLA MALVASIA
cr0187,0,46.059544,11.127808,2680,VIALE ROVERETO
cr0188,0,46.059666,11.127981,2680,VIALE ROVERETO
cr0189,0,46.059917,11.128347,2680,VIALE ROVERETO
cr0190,0,46.060028,11.128500,2680,VIALE ROVERETO
cr0191,0,46.060135,11.128663,2680,VIALE ROVERETO
cr0192,0,46.060310,11.128904,2680,VIALE ROVERETO
cr0193,0,46.060474,11.129157,2680,VIALE ROVERETO
cr0194,0,46.060543,11.129259,2680,VIALE ROVERETO
cr0195,0,46.060707,11.129499,2680,VIALE ROVERETO
cr0196,0,46.060810,11.129638,2680,VIALE ROVERETO
cr0197,0,46.060905,11.129776,2680,VIALE ROVERETO
cr0198,0,46.060497,11.127652,2520,VIA G. A PRATO
cr0199,0,46.060356,11.127788,2520,VIA G. A PRATO
cr0200,0,46.060200,11.127941,2520,VIA G. A PRATO
cr0201,0,46.060055,11.128077,2520,VIA G. A PRATO
cr0202,0,46.059940,11.128188,2520,VIA G. A PRATO
cr0203,0,46.060471,11.127600,2520,VIA G. A PRATO
cr0204,0,46.060352,11.127714,2520,VIA G. A PRATO
cr0205,0,46.060226,11.127836,2520,VIA G. A PRATO
cr0206,0,46.060101,11.127948,2520,VIA G. A PRATO
cr0207,0,46.059910,11.128144,2520,VIA G. A PRATO
cr0208,0,46.072666,11.123297,2650,VIA G.D. ROMAGNOSI
cr0209,0,46.072769,11.122987,2650,VIA G.D. ROMAGNOSI
cr0210,0,46.072815,11.122849,2650,VIA G.D. ROMAGNOSI
cr0211,0,46.062923,11.130688,1890,VIA MILANO
cr0212,0,46.062862,11.130667,1890,VIA MILANO
cr0213,0,46.062801,11.130637,1890,VIA MILANO
cr0214,0,46.062744,11.130583,1890,VIA MILANO
cr0215,0,46.062569,11.130310,1890,VIA MILANO
cr0216,0,46.062496,11.130224,1890,VIA MILANO
cr0217,0,46.062328,11.129973,1890,VIA MILANO
cr0218,0,46.062256,11.129860,1890,VIA MILANO
cr0219,0,46.062122,11.129662,1890,VIA MILANO
cr0220,0,46.062027,11.129516,1890,VIA MILANO
cr0221,0,46.061951,11.129413,1890,VIA MILANO
cr0222,0,46.061886,11.129310,1890,VIA MILANO
cr0223,0,46.061844,11.129236,1890,VIA MILANO
cr0224,0,46.062840,11.130867,300,VIA BEZZECCA
cr0225,0,46.062805,11.130822,300,VIA BEZZECCA
cr0226,0,46.062778,11.130784,300,VIA BEZZECCA
cr0227,0,46.062580,11.130504,1890,VIA MILANO
cr0228,0,46.062408,11.130249,1890,VIA MILANO
cr0229,0,46.062286,11.130065,1890,VIA MILANO
cr0230,0,46.062176,11.129896,1890,VIA MILANO
cr0231,0,46.062111,11.129796,1890,VIA MILANO
cr0232,0,46.062023,11.129674,1890,VIA MILANO
cr0233,0,46.061977,11.129597,1890,VIA MILANO
cr0234,0,46.061913,11.129500,1890,VIA MILANO
cr0235,0,46.061859,11.129424,1890,VIA MILANO
cr0236,0,46.061783,11.129307,1890,VIA MILANO
cr0237,0,46.061169,11.130173,2680,VIALE ROVERETO
cr0238,0,46.061291,11.130333,2680,VIALE ROVERETO
cr0239,0,46.061424,11.130537,2680,VIALE ROVERETO
cr0240,0,46.061672,11.130891,2680,VIALE ROVERETO
cr0241,0,46.061779,11.131047,2680,VIALE ROVERETO
cr0242,0,46.061844,11.131149,2680,VIALE ROVERETO
cr0243,0,46.061897,11.131229,2680,VIALE ROVERETO
cr0244,0,46.062008,11.131376,2680,VIALE ROVERETO
cr0245,0,46.062153,11.131584,2680,VIALE ROVERETO
cr0246,0,46.062359,11.131877,2680,VIALE ROVERETO
cr0247,0,46.061581,11.128853,1890,VIA MILANO
cr0248,0,46.061539,11.128793,1890,VIA MILANO
cr0249,0,46.061455,11.128658,1890,VIA MILANO
cr0250,0,46.061405,11.128583,1890,VIA MILANO
cr0251,0,46.061298,11.128435,1890,VIA MILANO
cr0252,0,46.061192,11.128273,1890,VIA MILANO
cr0253,0,46.061150,11.128208,1890,VIA MILANO
cr0254,0,46.060005,11.126274,1890,VIA MILANO
cr0255,0,46.060093,11.126438,1890,VIA MILANO
cr0256,0,46.060200,11.126657,1890,VIA MILANO
cr0257,0,46.060329,11.126919,1890,VIA MILANO
cr0258,0,46.060394,11.127047,1890,VIA MILANO
cr0259,0,46.060505,11.127312,1890,VIA MILANO
cr0260,0,46.062710,11.131656,300,VIA BEZZECCA
cr0261,0,46.062752,11.131463,300,VIA BEZZECCA
cr0262,0,46.062786,11.131269,300,VIA BEZZECCA
cr0263,0,46.062832,11.131077,300,VIA BEZZECCA
cr0264,0,46.062862,11.130962,300,VIA BEZZECCA
cr0265,0,46.068172,11.115655,560,VIA G. CANESTRINI
cr0266,0,46.068134,11.115803,560,VIA G. CANESTRINI
cr0267,0,46.068092,11.115768,560,VIA G. CANESTRINI
cr0268,0,46.065262,11.118626,350,VIA B. BOMPORTO
cr0269,0,46.065258,11.118529,350,VIA B. BOMPORTO
cr0270,0,46.065250,11.118300,350,VIA B. BOMPORTO
cr0271,0,46.065247,11.118179,350,VIA B. BOMPORTO
cr0272,0,46.065243,11.117932,350,VIA B. BOMPORTO
cr0273,0,46.065205,11.117368,350,VIA B. BOMPORTO
cr0274,0,46.065182,11.117144,350,VIA B. BOMPORTO
cr0275,0,46.065166,11.117050,350,VIA B. BOMPORTO
cr0276,0,46.065144,11.116947,350,VIA B. BOMPORTO
cr0277,0,46.065132,11.116800,350,VIA B. BOMPORTO
cr0278,0,46.065205,11.119151,350,VIA B. BOMPORTO
cr0279,0,46.065483,11.120909,390,VIA G. BORSIERI
cr0280,0,46.065464,11.120690,390,VIA G. BORSIERI
cr0281,0,46.065430,11.120414,390,VIA G. BORSIERI
cr0282,0,46.065407,11.120169,390,VIA G. BORSIERI
cr0283,0,46.065392,11.120038,390,VIA G. BORSIERI
cr0284,0,46.065380,11.119890,390,VIA G. BORSIERI
cr0285,0,46.065365,11.120199,390,VIA G. BORSIERI
cr0286,0,46.065338,11.119932,390,VIA G. BORSIERI
cr0287,0,46.065311,11.119658,390,VIA G. BORSIERI
cr0288,0,46.061546,11.126557,2520,VIA G. A PRATO
cr0289,0,46.061436,11.126669,2520,VIA G. A PRATO
cr0290,0,46.061279,11.126815,2520,VIA G. A PRATO
cr0291,0,46.061199,11.126891,2520,VIA G. A PRATO
cr0292,0,46.060974,11.127117,2520,VIA G. A PRATO
cr0293,0,46.060890,11.127194,2520,VIA G. A PRATO
cr0294,0,46.060760,11.127318,2520,VIA G. A PRATO
cr0295,0,46.061432,11.126755,2520,VIA G. A PRATO
cr0296,0,46.061211,11.126973,2520,VIA G. A PRATO
cr0297,0,46.061077,11.127092,2520,VIA G. A PRATO
cr0298,0,46.060966,11.127206,2520,VIA G. A PRATO
cr0299,0,46.060829,11.127334,2520,VIA G. A PRATO
cr0300,0,46.062035,11.126166,2520,VIA G. A PRATO
cr0301,0,46.062157,11.126045,2520,VIA G. A PRATO
cr0302,0,46.064976,11.121166,1080,VIA C. ESTERLE
cr0303,0,46.065083,11.121167,1080,VIA C. ESTERLE
cr0304,0,46.065235,11.121171,1080,VIA C. ESTERLE
cr0305,0,46.065331,11.121177,1080,VIA C. ESTERLE
cr0306,0,46.065063,11.121094,1080,VIA C. ESTERLE
cr0307,0,46.065159,11.121101,1080,VIA C. ESTERLE
cr0308,0,46.065334,11.121100,1080,VIA C. ESTERLE
cr0309,0,46.067474,11.118401,3540,VIA DON G. B. ZANELLA
cr0310,0,46.067455,11.118222,3540,VIA DON G. B. ZANELLA
cr0311,0,46.067398,11.117607,3540,VIA DON G. B. ZANELLA
cr0312,0,46.067364,11.118174,3540,VIA DON G. B. ZANELLA
cr0313,0,46.067352,11.118035,3540,VIA DON G. B. ZANELLA
cr0314,0,46.067341,11.117888,3540,VIA DON G. B. ZANELLA
cr0315,0,46.074944,11.125716,3640,VIA DELLA PREDARA
cr0316,0,46.074886,11.125730,3640,VIA DELLA PREDARA
cr0317,0,46.074821,11.125747,3640,VIA DELLA PREDARA
cr0318,0,46.075203,11.125532,3640,VIA DELLA PREDARA
cr0319,0,46.075203,11.125563,3640,VIA DELLA PREDARA
cr0320,0,46.075089,11.124802,3050,LARGO N. SAURO
cr0321,0,46.075146,11.124762,400,VIA DEL BRENNERO
cr0322,0,46.075321,11.124639,400,VIA DEL BRENNERO
cr0323,0,46.075462,11.124550,400,VIA DEL BRENNERO
cr0324,0,46.075520,11.124526,400,VIA DEL BRENNERO
cr0325,0,46.075623,11.124487,400,VIA DEL BRENNERO
cr0326,0,46.075703,11.124423,400,VIA DEL BRENNERO
cr0327,0,46.075348,11.124793,400,VIA DEL BRENNERO
cr0328,0,46.075439,11.124740,400,VIA DEL BRENNERO
cr0329,0,46.075516,11.124696,400,VIA DEL BRENNERO
cr0330,0,46.076393,11.124188,400,VIA DEL BRENNERO
cr0331,0,46.076561,11.124091,400,VIA DEL BRENNERO
cr0332,0,46.076736,11.123991,400,VIA DEL BRENNERO
cr0333,0,46.076874,11.123912,400,VIA DEL BRENNERO
cr0334,0,46.077003,11.123840,400,VIA DEL BRENNERO
cr0335,0,46.077091,11.123787,400,VIA DEL BRENNERO
cr0336,0,46.076225,11.124148,400,VIA DEL BRENNERO
cr0337,0,46.076469,11.124017,400,VIA DEL BRENNERO
cr0338,0,46.075054,11.125939,3640,VIA DELLA PREDARA
cr0339,0,46.075054,11.125973,3640,VIA DELLA PREDARA
cr0340,0,46.075062,11.126025,3640,VIA DELLA PREDARA
cr0341,0,46.075054,11.126125,3640,VIA DELLA PREDARA
cr0342,0,46.075039,11.126220,3640,VIA DELLA PREDARA
cr0343,0,46.075008,11.126270,3640,VIA DELLA PREDARA
cr0344,0,46.074947,11.126340,3640,VIA DELLA PREDARA
cr0345,0,46.075134,11.125651,3640,VIA DELLA PREDARA
cr0346,0,46.075153,11.125738,3640,VIA DELLA PREDARA
cr0347,0,46.075172,11.125832,3640,VIA DELLA PREDARA
cr0348,0,46.075218,11.125988,3640,VIA DELLA PREDARA
cr0349,0,46.075226,11.126048,3640,VIA DELLA PREDARA
cr0350,0,46.074558,11.125624,3640,VIA DELLA PREDARA
cr0351,0,46.074547,11.125677,3640,VIA DELLA PREDARA
cr0352,0,46.074528,11.125736,3640,VIA DELLA PREDARA
cr0353,0,46.074516,11.125765,3640,VIA DELLA PREDARA
cr0354,0,46.077278,11.123685,400,VIA DEL BRENNERO
cr0355,0,46.077461,11.123585,400,VIA DEL BRENNERO
cr0356,0,46.077717,11.123436,400,VIA DEL BRENNERO
cr0357,0,46.078247,11.123131,400,VIA DEL BRENNERO
cr0358,0,46.078518,11.122980,400,VIA DEL BRENNERO
cr0359,0,46.078903,11.122768,400,VIA DEL BRENNERO
cr0360,0,46.079346,11.122523,400,VIA DEL BRENNERO
cr0361,0,46.064014,11.130020,2730,VIA SAN BERNARDINO
cr0362,0,46.064045,11.129803,2730,VIA SAN BERNARDINO
cr0363,0,46.064079,11.129579,2730,VIA SAN BERNARDINO
cr0364,0,46.064106,11.129457,2730,VIA SAN BERNARDINO
cr0365,0,46.064133,11.129311,2730,VIA SAN BERNARDINO
cr0366,0,46.064159,11.129173,2730,VIA SAN BERNARDINO
cr0367,0,46.064270,11.128548,2730,VIA SAN BERNARDINO
cr0368,0,46.064312,11.128342,2730,VIA SAN BERNARDINO
cr0369,0,46.064362,11.128065,2730,VIA SAN BERNARDINO
cr0370,0,46.063622,11.131361,1150,VIA FIUME
cr0371,0,46.063316,11.131656,1150,VIA FIUME
cr0372,0,46.063080,11.131863,1150,VIA FIUME
cr0373,0,46.062901,11.132026,1150,VIA FIUME
cr0374,0,46.065041,11.135911,3360,VIALE TRIESTE
cr0375,0,46.065105,11.136005,3360,VIALE TRIESTE
cr0376,0,46.065163,11.136106,3360,VIALE TRIESTE
cr0377,0,46.065220,11.136176,3360,VIALE TRIESTE
cr0378,0,46.065289,11.136273,3360,VIALE TRIESTE
cr0379,0,46.065353,11.136363,3360,VIALE TRIESTE
cr0380,0,46.065414,11.136486,3360,VIALE TRIESTE
cr0381,0,46.065456,11.136526,3360,VIALE TRIESTE
cr0382,0,46.065495,11.136575,3360,VIALE TRIESTE
cr0383,0,46.065071,11.135805,3360,VIALE TRIESTE
cr0384,0,46.065140,11.135897,3360,VIALE TRIESTE
cr0385,0,46.065212,11.136011,3360,VIALE TRIESTE
cr0386,0,46.065292,11.136126,3360,VIALE TRIESTE
cr0387,0,46.065372,11.136236,3360,VIALE TRIESTE
cr0388,0,46.065453,11.136359,3360,VIALE TRIESTE
cr0389,0,46.065506,11.136442,3360,VIALE TRIESTE
cr0390,0,46.065563,11.136515,3360,VIALE TRIESTE
cr0391,0,46.065922,11.119417,2510,VIA G. PRATI
cr0392,0,46.065952,11.119715,2510,VIA G. PRATI
cr0393,0,46.065964,11.119865,2510,VIA G. PRATI
cr0394,0,46.065971,11.119998,2510,VIA G. PRATI
cr0395,0,46.066010,11.120292,2510,VIA G. PRATI
cr0396,0,46.065979,11.119403,2510,VIA G. PRATI
cr0397,0,46.065990,11.119476,2510,VIA G. PRATI
cr0398,0,46.065998,11.119571,2510,VIA G. PRATI
cr0399,0,46.066021,11.119770,2510,VIA G. PRATI
cr0400,0,46.066029,11.119802,2510,VIA G. PRATI
cr0401,0,46.066029,11.119883,2510,VIA G. PRATI
cr0402,0,46.066029,11.120504,2510,VIA G. PRATI
cr0403,0,46.066044,11.120631,2510,VIA G. PRATI
cr0404,0,46.066067,11.120836,2510,VIA G. PRATI
cr0405,0,46.066078,11.120959,2510,VIA G. PRATI
cr0406,0,46.066097,11.120495,2510,VIA G. PRATI
cr0407,0,46.066128,11.120748,2510,VIA G. PRATI
cr0408,0,46.066139,11.120882,2510,VIA G. PRATI
cr0409,0,46.066147,11.120982,2510,VIA G. PRATI
cr0410,0,46.064896,11.135550,3360,VIALE TRIESTE
cr0411,0,46.064857,11.135492,3360,VIALE TRIESTE
cr0412,0,46.064819,11.135427,3360,VIALE TRIESTE
cr0413,0,46.064732,11.135318,3360,VIALE TRIESTE
cr0414,0,46.064690,11.135263,3360,VIALE TRIESTE
cr0415,0,46.064636,11.135157,3360,VIALE TRIESTE
cr0416,0,46.064583,11.135093,3360,VIALE TRIESTE
cr0417,0,46.064545,11.135038,3360,VIALE TRIESTE
cr0418,0,46.064503,11.134970,3360,VIALE TRIESTE
cr0419,0,46.064445,11.134896,3360,VIALE TRIESTE
cr0420,0,46.064346,11.134745,3360,VIALE TRIESTE
cr0421,0,46.064281,11.134664,3360,VIALE TRIESTE
cr0422,0,46.064198,11.134551,3360,VIALE TRIESTE
cr0423,0,46.064137,11.134453,3360,VIALE TRIESTE
cr0424,0,46.064064,11.134361,3360,VIALE TRIESTE
cr0425,0,46.064026,11.134291,3360,VIALE TRIESTE
cr0426,0,46.063995,11.134243,3360,VIALE TRIESTE
cr0427,0,46.063904,11.134114,3360,VIALE TRIESTE
cr0428,0,46.063862,11.134062,3360,VIALE TRIESTE
cr0429,0,46.063820,11.134001,3360,VIALE TRIESTE
cr0430,0,46.063759,11.133918,3360,VIALE TRIESTE
cr0431,0,46.063702,11.133823,3360,VIALE TRIESTE
cr0432,0,46.063629,11.133729,3360,VIALE TRIESTE
cr0433,0,46.063580,11.133635,3360,VIALE TRIESTE
cr0434,0,46.063526,11.133570,3360,VIALE TRIESTE
cr0435,0,46.064247,11.120780,2060,VICOLO AL NUOTO
cr0436,0,46.064114,11.120796,2060,VICOLO AL NUOTO
cr0437,0,46.063934,11.120797,2060,VICOLO AL NUOTO
cr0438,0,46.064465,11.121549,3420,VIA 24 MAGGIO
cr0439,0,46.064220,11.121592,3420,VIA 24 MAGGIO
cr0440,0,46.064087,11.121616,3420,VIA 24 MAGGIO
cr0441,0,46.063938,11.121643,3420,VIA 24 MAGGIO
cr0442,0,46.058868,11.125277,190,VIA ASILO PEDROTTI
cr0443,0,46.058876,11.125549,190,VIA ASILO PEDROTTI
cr0444,0,46.058926,11.125666,190,VIA ASILO PEDROTTI
cr0445,0,46.058933,11.125861,190,VIA ASILO PEDROTTI
cr0446,0,46.061085,11.125197,1630,VIA B. MALFATTI
cr0447,0,46.061169,11.125363,1630,VIA B. MALFATTI
cr0448,0,46.061321,11.125680,1630,VIA B. MALFATTI
cr0449,0,46.061371,11.125782,1630,VIA B. MALFATTI
cr0450,0,46.061455,11.125964,1630,VIA B. MALFATTI
cr0451,0,46.061550,11.126133,1630,VIA B. MALFATTI
cr0452,0,46.061630,11.126305,1630,VIA B. MALFATTI
cr0453,0,46.061176,11.125255,1630,VIA B. MALFATTI
cr0454,0,46.061260,11.125425,1630,VIA B. MALFATTI
cr0455,0,46.061356,11.125610,1630,VIA B. MALFATTI
cr0456,0,46.061474,11.125856,1630,VIA B. MALFATTI
cr0457,0,46.061535,11.125979,1630,VIA B. MALFATTI
cr0458,0,46.061592,11.126085,1630,VIA B. MALFATTI
cr0459,0,46.061680,11.126261,1630,VIA B. MALFATTI
cr0460,0,46.061230,11.129845,1900,VIA DEI MILLE
cr0461,0,46.061333,11.129699,1900,VIA DEI MILLE
cr0462,0,46.061459,11.129518,1900,VIA DEI MILLE
cr0463,0,46.061588,11.129318,1900,VIA DEI MILLE
cr0464,0,46.070107,11.119346,3300,VIA TORRE VANGA
cr0465,0,46.070061,11.118908,3300,VIA TORRE VANGA
cr0466,0,46.070015,11.118577,3300,VIA TORRE VANGA
cr0467,0,46.065010,11.117729,440,VIA DI BRIAMASCO
cr0468,0,46.064999,11.118039,440,VIA DI BRIAMASCO
cr0469,0,46.064991,11.118177,440,VIA DI BRIAMASCO
cr0470,0,46.064976,11.118386,440,VIA DI BRIAMASCO
cr0471,0,46.064960,11.118700,440,VIA DI BRIAMASCO
cr0472,0,46.064953,11.118925,440,VIA DI BRIAMASCO
cr0473,0,46.062927,11.123664,3350,CORSO 3 NOVEMBRE
cr0474,0,46.062859,11.123695,3350,CORSO 3 NOVEMBRE
cr0475,0,46.062679,11.123742,3350,CORSO 3 NOVEMBRE
cr0476,0,46.062538,11.123768,3350,CORSO 3 NOVEMBRE
cr0477,0,46.062050,11.123856,3350,CORSO 3 NOVEMBRE
cr0478,0,46.059772,11.122293,1830,VIA P. A. MATTIOLI
cr0479,0,46.059444,11.122425,1830,VIA P. A. MATTIOLI
cr0480,0,46.059235,11.122507,1830,VIA P. A. MATTIOLI
cr0481,0,46.059013,11.122597,1830,VIA P. A. MATTIOLI
cr0482,0,46.058887,11.122643,1830,VIA P. A. MATTIOLI
cr0483,0,46.058777,11.122690,1830,VIA P. A. MATTIOLI
cr0484,0,46.060444,11.118723,2260,VIA G. PASCOLI
cr0485,0,46.060394,11.118307,2260,VIA G. PASCOLI
cr0486,0,46.060555,11.118241,2260,VIA G. PASCOLI
cr0487,0,46.060822,11.118178,2260,VIA G. PASCOLI
cr0488,0,46.060497,11.118343,2260,VIA G. PASCOLI
cr0489,0,46.060589,11.118325,2260,VIA G. PASCOLI
cr0490,0,46.060650,11.118326,2260,VIA G. PASCOLI
cr0491,0,46.060989,11.118234,2260,VIA G. PASCOLI
cr0492,0,46.061169,11.118229,2260,VIA G. PASCOLI
cr0493,0,46.061333,11.118228,2260,VIA G. PASCOLI
cr0494,0,46.064545,11.119769,3340,VIA DEL TRAVAI
cr0495,0,46.064545,11.119873,3340,VIA DEL TRAVAI
cr0496,0,46.064564,11.119980,3340,VIA DEL TRAVAI
cr0497,0,46.064579,11.120120,3340,VIA DEL TRAVAI
cr0498,0,46.064587,11.120225,3340,VIA DEL TRAVAI
cr0499,0,46.064594,11.120299,3340,VIA DEL TRAVAI
cr0500,0,46.064587,11.121194,3340,VIA DEL TRAVAI
cr0501,0,46.064590,11.121256,3340,VIA DEL TRAVAI
cr0502,0,46.064590,11.121351,3340,VIA DEL TRAVAI
cr0503,0,46.063763,11.121499,1600,VIA CARD. C. MADRUZZO
cr0504,0,46.063740,11.121217,1600,VIA CARD. C. MADRUZZO
cr0505,0,46.063766,11.121957,1600,VIA CARD. C. MADRUZZO
cr0506,0,46.063782,11.122179,1600,VIA CARD. C. MADRUZZO
cr0507,0,46.063793,11.122323,1600,VIA CARD. C. MADRUZZO
cr0508,0,46.063805,11.122502,1600,VIA CARD. C. MADRUZZO
cr0509,0,46.063816,11.122643,1600,VIA CARD. C. MADRUZZO
cr0510,0,46.063828,11.122785,1600,VIA CARD. C. MADRUZZO
cr0511,0,46.063835,11.122926,1600,VIA CARD. C. MADRUZZO
cr0512,0,46.063854,11.123171,1600,VIA CARD. C. MADRUZZO
cr0513,0,46.059265,11.120281,760,VIA DAMIANO CHIESA
cr0514,0,46.059410,11.120228,760,VIA DAMIANO CHIESA
cr0515,0,46.059494,11.120183,760,VIA DAMIANO CHIESA
cr0516,0,46.059582,11.120159,760,VIA DAMIANO CHIESA
cr0517,0,46.059643,11.120127,760,VIA DAMIANO CHIESA
cr0518,0,46.059742,11.120087,760,VIA DAMIANO CHIESA
cr0519,0,46.059860,11.120039,760,VIA DAMIANO CHIESA
cr0520,0,46.059570,11.120062,760,VIA DAMIANO CHIESA
cr0521,0,46.059479,11.120100,760,VIA DAMIANO CHIESA
cr0522,0,46.059383,11.120136,760,VIA DAMIANO CHIESA
cr0523,0,46.059223,11.120201,760,VIA DAMIANO CHIESA
cr0524,0,46.058212,11.121250,3510,VIA VITTORIO VENETO
cr0525,0,46.058186,11.121082,3510,VIA VITTORIO VENETO
cr0526,0,46.058170,11.120971,3510,VIA VITTORIO VENETO
cr0527,0,46.058132,11.120826,3510,VIA VITTORIO VENETO
cr0528,0,46.058086,11.120610,3510,VIA VITTORIO VENETO
cr0529,0,46.058052,11.120440,3510,VIA VITTORIO VENETO
cr0530,0,46.058029,11.120276,3510,VIA VITTORIO VENETO
cr0531,0,46.057999,11.120137,3510,VIA VITTORIO VENETO
cr0532,0,46.057976,11.119988,3510,VIA VITTORIO VENETO
cr0533,0,46.058552,11.118574,1350,VIA G. GIUSTI
cr0534,0,46.058414,11.118500,1350,VIA G. GIUSTI
cr0535,0,46.058273,11.118425,1350,VIA G. GIUSTI
cr0536,0,46.058109,11.118365,1350,VIA G. GIUSTI
cr0537,0,46.057972,11.118326,1350,VIA G. GIUSTI
cr0538,0,46.057934,11.118314,1350,VIA G. GIUSTI
cr0539,0,46.058926,11.118851,1350,VIA G. GIUSTI
cr0540,0,46.058968,11.118870,1350,VIA G. GIUSTI
cr0541,0,46.059006,11.118933,1350,VIA G. GIUSTI
cr0542,0,46.058937,11.118970,1350,VIA G. GIUSTI
cr0543,0,46.063847,11.131448,3905,VIA EDDA ALBERTINI
cr0544,0,46.063904,11.131460,3905,VIA EDDA ALBERTINI
cr0545,0,46.063896,11.131720,3905,VIA EDDA ALBERTINI
cr0546,0,46.063900,11.131854,3905,VIA EDDA ALBERTINI
cr0547,0,46.063896,11.131988,3905,VIA EDDA ALBERTINI
cr0548,0,46.063934,11.132406,3905,VIA EDDA ALBERTINI
cr0549,0,46.064060,11.132409,3905,VIA EDDA ALBERTINI
cr0550,0,46.064144,11.132413,3905,VIA EDDA ALBERTINI
cr0551,0,46.059933,11.120761,460,VIA F.LLI BRONZETTI
cr0552,0,46.059834,11.120802,460,VIA F.LLI BRONZETTI
cr0553,0,46.059769,11.120825,460,VIA F.LLI BRONZETTI
cr0554,0,46.059689,11.120858,460,VIA F.LLI BRONZETTI
cr0555,0,46.059589,11.120899,460,VIA F.LLI BRONZETTI
cr0556,0,46.059513,11.120931,460,VIA F.LLI BRONZETTI
cr0557,0,46.059334,11.121010,460,VIA F.LLI BRONZETTI
cr0558,0,46.059662,11.120981,460,VIA F.LLI BRONZETTI
cr0559,0,46.059551,11.121026,460,VIA F.LLI BRONZETTI
cr0560,0,46.059479,11.121055,460,VIA F.LLI BRONZETTI
cr0561,0,46.059364,11.121096,460,VIA F.LLI BRONZETTI
cr0562,0,46.059059,11.121127,460,VIA F.LLI BRONZETTI
cr0563,0,46.058964,11.121167,460,VIA F.LLI BRONZETTI
cr0564,0,46.058781,11.121240,460,VIA F.LLI BRONZETTI
cr0565,0,46.058678,11.121283,460,VIA F.LLI BRONZETTI
cr0566,0,46.058540,11.121339,460,VIA F.LLI BRONZETTI
cr0567,0,46.058414,11.121381,460,VIA F.LLI BRONZETTI
cr0568,0,46.058403,11.121470,460,VIA F.LLI BRONZETTI
cr0569,0,46.058556,11.121429,460,VIA F.LLI BRONZETTI
cr0570,0,46.058605,11.121413,460,VIA F.LLI BRONZETTI
cr0571,0,46.058895,11.121284,460,VIA F.LLI BRONZETTI
cr0572,0,46.059010,11.121243,460,VIA F.LLI BRONZETTI
cr0573,0,46.059090,11.121209,460,VIA F.LLI BRONZETTI
cr0574,0,46.060844,11.125178,3350,CORSO 3 NOVEMBRE
cr0575,0,46.060802,11.125229,3350,CORSO 3 NOVEMBRE
cr0576,0,46.060738,11.125309,3350,CORSO 3 NOVEMBRE
cr0577,0,46.060677,11.125368,3350,CORSO 3 NOVEMBRE
cr0578,0,46.060638,11.125411,3350,CORSO 3 NOVEMBRE
cr0579,0,46.060600,11.125445,3350,CORSO 3 NOVEMBRE
cr0580,0,46.060944,11.125220,3350,CORSO 3 NOVEMBRE
cr0581,0,46.060825,11.125336,3350,CORSO 3 NOVEMBRE
cr0582,0,46.060722,11.125446,3350,CORSO 3 NOVEMBRE
cr0583,0,46.060104,11.126075,3350,CORSO 3 NOVEMBRE
cr0584,0,46.060490,11.125685,3350,CORSO 3 NOVEMBRE
cr0585,0,46.060562,11.125619,3350,CORSO 3 NOVEMBRE
cr0586,0,46.058098,11.119428,310,VIA E. BEZZI
cr0587,0,46.058193,11.119400,310,VIA E. BEZZI
cr0588,0,46.058250,11.119368,310,VIA E. BEZZI
cr0589,0,46.058311,11.119340,310,VIA E. BEZZI
cr0590,0,46.058559,11.119236,310,VIA E. BEZZI
cr0591,0,46.058632,11.119211,310,VIA E. BEZZI
cr0592,0,46.058743,11.123470,2660,VIA O. ROVERETI
cr0593,0,46.058910,11.123400,2660,VIA O. ROVERETI
cr0594,0,46.059120,11.123318,2660,VIA O. ROVERETI
cr0595,0,46.059334,11.123234,2660,VIA O. ROVERETI
cr0596,0,46.059429,11.123193,2660,VIA O. ROVERETI
cr0597,0,46.059738,11.123069,2660,VIA O. ROVERETI
cr0598,0,46.059902,11.123005,2660,VIA O. ROVERETI
cr0599,0,46.060024,11.122958,2660,VIA O. ROVERETI
cr0600,0,46.060356,11.122822,2660,VIA O. ROVERETI
cr0601,0,46.065708,11.119152,2670,VIA A. ROSMINI
cr0602,0,46.065617,11.119181,2670,VIA A. ROSMINI
cr0603,0,46.065559,11.119191,2670,VIA A. ROSMINI
cr0604,0,46.065403,11.119224,2670,VIA A. ROSMINI
cr0605,0,46.065136,11.119275,2670,VIA A. ROSMINI
cr0606,0,46.064907,11.119486,2670,VIA A. ROSMINI
cr0607,0,46.064987,11.119469,2670,VIA A. ROSMINI
cr0608,0,46.065090,11.119453,2670,VIA A. ROSMINI
cr0609,0,46.065178,11.119426,2670,VIA A. ROSMINI
cr0610,0,46.063469,11.133486,3360,VIALE TRIESTE
cr0611,0,46.063389,11.133384,3360,VIALE TRIESTE
cr0612,0,46.063347,11.133320,3360,VIALE TRIESTE
cr0613,0,46.063278,11.133221,3360,VIALE TRIESTE
cr0614,0,46.063198,11.133099,3360,VIALE TRIESTE
cr0615,0,46.063152,11.133039,3360,VIALE TRIESTE
cr0616,0,46.063103,11.132973,3360,VIALE TRIESTE
cr0617,0,46.063026,11.132861,3360,VIALE TRIESTE
cr0618,0,46.062958,11.132757,3360,VIALE TRIESTE
cr0619,0,46.062908,11.132680,3360,VIALE TRIESTE
cr0620,0,46.062885,11.132633,3360,VIALE TRIESTE
cr0621,0,46.062836,11.132576,3360,VIALE TRIESTE
cr0622,0,46.062786,11.132506,3360,VIALE TRIESTE
cr0623,0,46.058502,11.123011,3510,VIA VITTORIO VENETO
cr0624,0,46.058701,11.124036,3510,VIA VITTORIO VENETO
cr0625,0,46.058735,11.124228,3510,VIA VITTORIO VENETO
cr0626,0,46.059181,11.125085,3510,VIA VITTORIO VENETO
cr0627,0,46.059299,11.125246,3510,VIA VITTORIO VENETO
cr0628,0,46.062046,11.121718,1060,VIA MONS. C. ENDRICI
cr0629,0,46.061954,11.121726,1060,VIA MONS. C. ENDRICI
cr0630,0,46.061859,11.121737,1060,VIA MONS. C. ENDRICI
cr0631,0,46.061798,11.121746,1060,VIA MONS. C. ENDRICI
cr0632,0,46.061737,11.121753,1060,VIA MONS. C. ENDRICI
cr0633,0,46.061646,11.121768,1060,VIA MONS. C. ENDRICI
cr0634,0,46.061539,11.121781,1060,VIA MONS. C. ENDRICI
cr0635,0,46.061436,11.121798,1060,VIA MONS. C. ENDRICI
cr0636,0,46.061382,11.121798,1060,VIA MONS. C. ENDRICI
cr0637,0,46.061321,11.121807,1060,VIA MONS. C. ENDRICI
cr0638,0,46.061256,11.121821,1060,VIA MONS. C. ENDRICI
cr0639,0,46.061195,11.121834,1060,VIA MONS. C. ENDRICI
cr0640,0,46.061165,11.121836,1060,VIA MONS. C. ENDRICI
cr0641,0,46.061096,11.121838,1060,VIA MONS. C. ENDRICI
cr0642,0,46.061096,11.121714,1060,VIA MONS. C. ENDRICI
cr0643,0,46.059826,11.126244,3350,CORSO 3 NOVEMBRE
cr0644,0,46.059772,11.126295,3350,CORSO 3 NOVEMBRE
cr0645,0,46.059647,11.126412,3350,CORSO 3 NOVEMBRE
cr0646,0,46.059597,11.126472,3350,CORSO 3 NOVEMBRE
cr0647,0,46.059551,11.126519,3350,CORSO 3 NOVEMBRE
cr0648,0,46.059479,11.126608,3350,CORSO 3 NOVEMBRE
cr0649,0,46.059418,11.126660,3350,CORSO 3 NOVEMBRE
cr0650,0,46.059326,11.126746,3350,CORSO 3 NOVEMBRE
cr0651,0,46.059280,11.126782,3350,CORSO 3 NOVEMBRE
cr0652,0,46.059444,11.126751,3350,CORSO 3 NOVEMBRE
cr0653,0,46.059525,11.126662,3350,CORSO 3 NOVEMBRE
cr0654,0,46.059639,11.126547,3350,CORSO 3 NOVEMBRE
cr0655,0,46.059776,11.126410,3350,CORSO 3 NOVEMBRE
cr0656,0,46.075081,11.125847,3640,VIA DELLA PREDARA
cr0657,0,46.075096,11.125896,3640,VIA DELLA PREDARA
cr0658,0,46.075108,11.125957,3640,VIA DELLA PREDARA
cr0659,0,46.075119,11.125997,3640,VIA DELLA PREDARA
cr0660,0,46.075134,11.126079,3640,VIA DELLA PREDARA
cr0661,0,46.061478,11.118784,3220,VIA T. TARAMELLI
cr0662,0,46.061436,11.118288,3220,VIA T. TARAMELLI
cr0663,0,46.061386,11.117650,3220,VIA T. TARAMELLI
cr0664,0,46.061344,11.117117,3220,VIA T. TARAMELLI
cr0665,0,46.064487,11.129519,210,VIA F. BARBACOVI
cr0666,0,46.064461,11.129600,210,VIA F. BARBACOVI
cr0667,0,46.064434,11.129700,210,VIA F. BARBACOVI
cr0668,0,46.064381,11.129916,210,VIA F. BARBACOVI
cr0669,0,46.064350,11.130047,210,VIA F. BARBACOVI
cr0670,0,46.064316,11.130145,210,VIA F. BARBACOVI
cr0671,0,46.064262,11.130868,210,VIA F. BARBACOVI
cr0672,0,46.064892,11.128356,210,VIA F. BARBACOVI
cr0673,0,46.064838,11.128594,210,VIA F. BARBACOVI
cr0674,0,46.064770,11.128831,210,VIA F. BARBACOVI
cr0675,0,46.064701,11.129102,210,VIA F. BARBACOVI
cr0676,0,46.064587,11.129508,210,VIA F. BARBACOVI
cr0677,0,46.064392,11.130284,210,VIA F. BARBACOVI
cr0678,0,46.076099,11.123884,700,PIAZZA DI CENTA
cr0679,0,46.075993,11.123921,700,PIAZZA DI CENTA
cr0680,0,46.076134,11.123679,700,PIAZZA DI CENTA
cr0681,0,46.076241,11.123465,700,PIAZZA DI CENTA
cr0682,0,46.076317,11.123297,700,PIAZZA DI CENTA
cr0683,0,46.058289,11.122802,1560,VIA G. E T. LORENZONI
cr0684,0,46.058006,11.122913,1560,VIA G. E T. LORENZONI
cr0685,0,46.057480,11.123134,1560,VIA G. E T. LORENZONI
cr0686,0,46.057346,11.123184,1560,VIA G. E T. LORENZONI
cr0687,0,46.057243,11.123226,1560,VIA G. E T. LORENZONI
cr0688,0,46.057140,11.123266,1560,VIA G. E T. LORENZONI
cr0689,0,46.056942,11.123350,1560,VIA G. E T. LORENZONI
cr0690,0,46.056763,11.123421,1560,VIA G. E T. LORENZONI
cr0691,0,46.056664,11.123455,1560,VIA G. E T. LORENZONI
cr0692,0,46.057644,11.123135,1560,VIA G. E T. LORENZONI
cr0693,0,46.057495,11.123191,1560,VIA G. E T. LORENZONI
cr0694,0,46.057327,11.123257,1560,VIA G. E T. LORENZONI
cr0695,0,46.057213,11.123303,1560,VIA G. E T. LORENZONI
cr0696,0,46.056953,11.123410,1560,VIA G. E T. LORENZONI
cr0697,0,46.056812,11.123485,1560,VIA G. E T. LORENZONI
cr0698,0,46.056709,11.123583,1560,VIA G. E T. LORENZONI
cr0699,0,46.061314,11.118961,1350,VIA G. GIUSTI
cr0700,0,46.061207,11.118951,1350,VIA G. GIUSTI
cr0701,0,46.061001,11.118960,1350,VIA G. GIUSTI
cr0702,0,46.060780,11.118963,1350,VIA G. GIUSTI
cr0703,0,46.060619,11.118957,1350,VIA G. GIUSTI
cr0704,0,46.057053,11.124148,470,VIA G. BUCCELLA
cr0705,0,46.057140,11.124113,470,VIA G. BUCCELLA
cr0706,0,46.057335,11.124034,470,VIA G. BUCCELLA
cr0707,0,46.057446,11.123990,470,VIA G. BUCCELLA
cr0708,0,46.057686,11.123890,470,VIA G. BUCCELLA
cr0709,0,46.057121,11.124201,470,VIA G. BUCCELLA
cr0710,0,46.057224,11.124157,470,VIA G. BUCCELLA
cr0711,0,46.057533,11.124033,470,VIA G. BUCCELLA
cr0712,0,46.057816,11.123919,470,VIA G. BUCCELLA
cr0713,0,46.058037,11.123830,470,VIA G. BUCCELLA
cr0714,0,46.058243,11.123743,470,VIA G. BUCCELLA
cr0715,0,46.058502,11.123644,470,VIA G. BUCCELLA
cr0716,0,46.059238,11.120929,1140,VIA F. FILZI
cr0717,0,46.059204,11.120766,1140,VIA F. FILZI
cr0718,0,46.059158,11.120523,1140,VIA F. FILZI
cr0719,0,46.059090,11.120150,1140,VIA F. FILZI
cr0720,0,46.059021,11.119790,1140,VIA F. FILZI
cr0721,0,46.058990,11.119648,1140,VIA F. FILZI
cr0722,0,46.058952,11.119446,1140,VIA F. FILZI
cr0723,0,46.058922,11.119285,1140,VIA F. FILZI
cr0724,0,46.059185,11.120951,1140,VIA F. FILZI
cr0725,0,46.059155,11.120859,1140,VIA F. FILZI
cr0726,0,46.059139,11.120781,1140,VIA F. FILZI
cr0727,0,46.059124,11.120697,1140,VIA F. FILZI
cr0728,0,46.059109,11.120631,1140,VIA F. FILZI
cr0729,0,46.059032,11.120220,1140,VIA F. FILZI
cr0730,0,46.059013,11.120146,1140,VIA F. FILZI
cr0731,0,46.058998,11.120054,1140,VIA F. FILZI
cr0732,0,46.058987,11.119996,1140,VIA F. FILZI
cr0733,0,46.058979,11.119927,1140,VIA F. FILZI
cr0734,0,46.058956,11.119817,1140,VIA F. FILZI
cr0735,0,46.058933,11.119707,1140,VIA F. FILZI
cr0736,0,46.058910,11.119593,1140,VIA F. FILZI
cr0737,0,46.058887,11.119476,1140,VIA F. FILZI
cr0738,0,46.058861,11.119372,1140,VIA F. FILZI
cr0739,0,46.057518,11.121324,3510,VIA VITTORIO VENETO
cr0740,0,46.057575,11.121296,3510,VIA VITTORIO VENETO
cr0741,0,46.057716,11.121245,3510,VIA VITTORIO VENETO
cr0742,0,46.057808,11.121205,3510,VIA VITTORIO VENETO
cr0743,0,46.057827,11.121330,3510,VIA VITTORIO VENETO
cr0744,0,46.057732,11.121365,3510,VIA VITTORIO VENETO
cr0745,0,46.057602,11.121424,3510,VIA VITTORIO VENETO
cr0746,0,46.057537,11.121454,3510,VIA VITTORIO VENETO
cr0747,0,46.057663,11.121925,3510,VIA VITTORIO VENETO
cr0748,0,46.057732,11.121906,3510,VIA VITTORIO VENETO
cr0749,0,46.057812,11.121865,3510,VIA VITTORIO VENETO
cr0750,0,46.057850,11.121853,3510,VIA VITTORIO VENETO
cr0751,0,46.057907,11.121831,3510,VIA VITTORIO VENETO
cr0752,0,46.057964,11.121815,3510,VIA VITTORIO VENETO
cr0753,0,46.057995,11.121788,3510,VIA VITTORIO VENETO
cr0754,0,46.057655,11.121795,3510,VIA VITTORIO VENETO
cr0755,0,46.057709,11.121777,3510,VIA VITTORIO VENETO
cr0756,0,46.057785,11.121750,3510,VIA VITTORIO VENETO
cr0757,0,46.057823,11.121731,3510,VIA VITTORIO VENETO
cr0758,0,46.057919,11.121690,3510,VIA VITTORIO VENETO
cr0759,0,46.057987,11.121660,3510,VIA VITTORIO VENETO
cr0760,0,46.057762,11.122339,3510,VIA VITTORIO VENETO
cr0761,0,46.057911,11.122277,3510,VIA VITTORIO VENETO
cr0762,0,46.058064,11.122213,3510,VIA VITTORIO VENETO
cr0763,0,46.058155,11.125062,2170,VIA ORTIGARA
cr0764,0,46.058079,11.125219,2170,VIA ORTIGARA
cr0765,0,46.058006,11.125360,2170,VIA ORTIGARA
cr0766,0,46.053989,11.119787,280,VIA O. BENEVOLI
cr0767,0,46.053867,11.119657,280,VIA O. BENEVOLI
cr0768,0,46.053764,11.119579,280,VIA O. BENEVOLI
cr0769,0,46.053619,11.119567,2210,VIA G. P. DA PALESTRINA
cr0770,0,46.053669,11.119431,280,VIA O. BENEVOLI
cr0771,0,46.053585,11.119314,2210,VIA G. P. DA PALESTRINA
cr0772,0,46.057049,11.119900,3140,VIA DON NARCISO SORDO
cr0773,0,46.056931,11.119934,3140,VIA DON NARCISO SORDO
cr0774,0,46.056850,11.119960,3140,VIA DON NARCISO SORDO
cr0775,0,46.056614,11.120069,3140,VIA DON NARCISO SORDO
cr0776,0,46.056728,11.120499,3140,VIA DON NARCISO SORDO
cr0777,0,46.056763,11.120692,3140,VIA DON NARCISO SORDO
cr0778,0,46.056694,11.120887,3140,VIA DON NARCISO SORDO
cr0779,0,46.056519,11.120958,3140,VIA DON NARCISO SORDO
cr0780,0,46.056278,11.121012,3140,VIA DON NARCISO SORDO
cr0781,0,46.056225,11.120857,3140,VIA DON NARCISO SORDO
cr0782,0,46.069775,11.127703,3400,PIAZZA VENEZIA
cr0783,0,46.069977,11.111915,3460,VIA VERRUCA
cr0784,0,46.069950,11.111817,3460,VIA VERRUCA
cr0785,0,46.069923,11.111941,3460,VIA VERRUCA
cr0786,0,46.069881,11.111803,3460,VIA VERRUCA
cr0787,0,46.070347,11.113300,3460,VIA VERRUCA
cr0788,0,46.070301,11.113141,3460,VIA VERRUCA
cr0789,0,46.070194,11.112740,3460,VIA VERRUCA
cr0790,0,46.070065,11.112258,3460,VIA VERRUCA
cr0791,0,46.070324,11.113450,3460,VIA VERRUCA
cr0792,0,46.070290,11.113298,3460,VIA VERRUCA
cr0793,0,46.070248,11.113155,3460,VIA VERRUCA
cr0794,0,46.070198,11.112954,3460,VIA VERRUCA
cr0795,0,46.070133,11.112719,3460,VIA VERRUCA
cr0796,0,46.070076,11.112504,3460,VIA VERRUCA
cr0797,0,46.070000,11.112202,3460,VIA VERRUCA
cr0798,0,46.064072,11.131126,1340,VIA B. GIOVANELLI
cr0799,0,46.064449,11.131208,1340,VIA B. GIOVANELLI
cr0800,0,46.064548,11.131258,1340,VIA B. GIOVANELLI
cr0801,0,46.064625,11.131294,1340,VIA B. GIOVANELLI
cr0802,0,46.064728,11.131351,1340,VIA B. GIOVANELLI
cr0803,0,46.064960,11.131474,1340,VIA B. GIOVANELLI
cr0804,0,46.065083,11.131554,1340,VIA B. GIOVANELLI
cr0805,0,46.065220,11.131632,1340,VIA B. GIOVANELLI
cr0806,0,46.065556,11.131810,1340,VIA B. GIOVANELLI
cr0807,0,46.065639,11.131860,1340,VIA B. GIOVANELLI
cr0808,0,46.055843,11.119965,3530,VIA R. ZANDONAI
cr0809,0,46.055809,11.119784,3530,VIA R. ZANDONAI
cr0810,0,46.055775,11.119607,3530,VIA R. ZANDONAI
cr0811,0,46.055725,11.119346,3530,VIA R. ZANDONAI
cr0812,0,46.055698,11.119223,3530,VIA R. ZANDONAI
cr0813,0,46.055672,11.119104,3530,VIA R. ZANDONAI
cr0814,0,46.055645,11.118946,3530,VIA R. ZANDONAI
cr0815,0,46.055622,11.118840,3530,VIA R. ZANDONAI
cr0816,0,46.073925,11.118209,1410,VIA F. GUARDI
cr0817,0,46.074036,11.117668,1410,VIA F. GUARDI
cr0818,0,46.074108,11.117367,1410,VIA F. GUARDI
cr0819,0,46.074139,11.117208,1410,VIA F. GUARDI
cr0820,0,46.073887,11.118178,1410,VIA F. GUARDI
cr0821,0,46.073933,11.117993,1410,VIA F. GUARDI
cr0822,0,46.057812,11.124019,1940,VIA MONTE CORNO
cr0823,0,46.057911,11.124125,1940,VIA MONTE CORNO
cr0824,0,46.058067,11.124288,1940,VIA MONTE CORNO
cr0825,0,46.058147,11.124378,1940,VIA MONTE CORNO
cr0826,0,46.058346,11.124588,1940,VIA MONTE CORNO
cr0827,0,46.057732,11.124009,1940,VIA MONTE CORNO
cr0828,0,46.057827,11.124102,1940,VIA MONTE CORNO
cr0829,0,46.057953,11.124254,1940,VIA MONTE CORNO
cr0830,0,46.058083,11.124390,1940,VIA MONTE CORNO
cr0831,0,46.058262,11.124576,1940,VIA MONTE CORNO
cr0832,0,46.077072,11.116254,1520,LUNGADIGE G. LEOPARDI
cr0833,0,46.076912,11.116333,1520,LUNGADIGE G. LEOPARDI
cr0834,0,46.076824,11.116382,1520,LUNGADIGE G. LEOPARDI
cr0835,0,46.076729,11.116424,1520,LUNGADIGE G. LEOPARDI
cr0836,0,46.076588,11.116490,1520,LUNGADIGE G. LEOPARDI
cr0837,0,46.076454,11.116540,1520,LUNGADIGE G. LEOPARDI
cr0838,0,46.076279,11.116621,1520,LUNGADIGE G. LEOPARDI
cr0839,0,46.076122,11.116676,1520,LUNGADIGE G. LEOPARDI
cr0840,0,46.075981,11.116717,1520,LUNGADIGE G. LEOPARDI
cr0841,0,46.075817,11.116781,1520,LUNGADIGE G. LEOPARDI
cr0842,0,46.075649,11.116832,1520,LUNGADIGE G. LEOPARDI
cr0843,0,46.075336,11.116923,1520,LUNGADIGE G. LEOPARDI
cr0844,0,46.075172,11.116955,1520,LUNGADIGE G. LEOPARDI
cr0845,0,46.075005,11.116987,1520,LUNGADIGE G. LEOPARDI
cr0846,0,46.073532,11.117200,1460,VIA G. B. LAMPI
cr0847,0,46.073467,11.117479,1460,VIA G. B. LAMPI
cr0848,0,46.073425,11.117821,1460,VIA G. B. LAMPI
cr0849,0,46.073395,11.117954,1460,VIA G. B. LAMPI
cr0850,0,46.074528,11.117059,1520,LUNGADIGE G. LEOPARDI
cr0851,0,46.074432,11.117065,1520,LUNGADIGE G. LEOPARDI
cr0852,0,46.074345,11.117066,1520,LUNGADIGE G. LEOPARDI
cr0853,0,46.074028,11.117088,1520,LUNGADIGE G. LEOPARDI
cr0854,0,46.073875,11.117088,1520,LUNGADIGE G. LEOPARDI
cr0855,0,46.073784,11.117089,1520,LUNGADIGE G. LEOPARDI
cr0856,0,46.073689,11.117089,1520,LUNGADIGE G. LEOPARDI
cr0857,0,46.073380,11.117080,1520,LUNGADIGE G. LEOPARDI
cr0858,0,46.073257,11.117075,1520,LUNGADIGE G. LEOPARDI
cr0859,0,46.073128,11.117057,1520,LUNGADIGE G. LEOPARDI
cr0860,0,46.073002,11.117029,1520,LUNGADIGE G. LEOPARDI
cr0861,0,46.072868,11.117009,1520,LUNGADIGE G. LEOPARDI
cr0862,0,46.072720,11.116981,1520,LUNGADIGE G. LEOPARDI
cr0863,0,46.072575,11.116954,1520,LUNGADIGE G. LEOPARDI
cr0864,0,46.072357,11.116901,1520,LUNGADIGE G. LEOPARDI
cr0865,0,46.072273,11.116881,1520,LUNGADIGE G. LEOPARDI
cr0866,0,46.072124,11.116843,1520,LUNGADIGE G. LEOPARDI
cr0867,0,46.071945,11.116781,1520,LUNGADIGE G. LEOPARDI
cr0868,0,46.071728,11.116708,1520,LUNGADIGE G. LEOPARDI
cr0869,0,46.061813,11.129027,1900,VIA DEI MILLE
cr0870,0,46.061897,11.128918,1900,VIA DEI MILLE
cr0871,0,46.061981,11.128797,1900,VIA DEI MILLE
cr0872,0,46.062038,11.128702,1900,VIA DEI MILLE
cr0873,0,46.062107,11.128606,1900,VIA DEI MILLE
cr0874,0,46.062138,11.128545,1900,VIA DEI MILLE
cr0875,0,46.062206,11.128457,1900,VIA DEI MILLE
cr0876,0,46.062309,11.128407,1900,VIA DEI MILLE
cr0877,0,46.062366,11.128496,1900,VIA DEI MILLE
cr0878,0,46.062347,11.128329,1900,VIA DEI MILLE
cr0879,0,46.062393,11.128394,1900,VIA DEI MILLE
cr0880,0,46.062443,11.128461,1900,VIA DEI MILLE
cr0881,0,46.062309,11.128131,1900,VIA DEI MILLE
cr0882,0,46.062408,11.128149,1900,VIA DEI MILLE
cr0883,0,46.062634,11.127839,1900,VIA DEI MILLE
cr0884,0,46.062691,11.127784,1900,VIA DEI MILLE
cr0885,0,46.062786,11.127673,1900,VIA DEI MILLE
cr0886,0,46.062923,11.127534,1900,VIA DEI MILLE
cr0887,0,46.062901,11.127428,1900,VIA DEI MILLE
cr0888,0,46.062717,11.127603,1900,VIA DEI MILLE
cr0889,0,46.062592,11.127738,1900,VIA DEI MILLE
cr0890,0,46.062408,11.127990,1900,VIA DEI MILLE
cr0891,0,46.057339,11.124810,660,VIA CAURIOL
cr0892,0,46.057243,11.124710,660,VIA CAURIOL
cr0893,0,46.057114,11.124584,660,VIA CAURIOL
cr0894,0,46.056984,11.124498,660,VIA CAURIOL
cr0895,0,46.056892,11.124447,660,VIA CAURIOL
cr0896,0,46.056820,11.124396,660,VIA CAURIOL
cr0897,0,46.056709,11.124330,660,VIA CAURIOL
cr0898,0,46.056583,11.124250,660,VIA CAURIOL
cr0899,0,46.056496,11.124190,660,VIA CAURIOL
cr0900,0,46.056404,11.124135,660,VIA CAURIOL
cr0901,0,46.056320,11.124088,660,VIA CAURIOL
cr0902,0,46.064651,11.133166,360,VIA P. BENEDETTO BONELLI
cr0903,0,46.064629,11.132707,360,VIA P. BENEDETTO BONELLI
cr0904,0,46.064640,11.132473,360,VIA P. BENEDETTO BONELLI
cr0905,0,46.064754,11.131937,360,VIA P. BENEDETTO BONELLI
cr0906,0,46.064842,11.131587,360,VIA P. BENEDETTO BONELLI
cr0907,0,46.072372,11.117437,500,VIA C. BUSETTI
cr0908,0,46.072456,11.117097,500,VIA C. BUSETTI
cr0909,0,46.072392,11.117075,500,VIA C. BUSETTI
cr0910,0,46.072361,11.117203,500,VIA C. BUSETTI
cr0911,0,46.077721,11.119257,100,CORSO DEGLI ALPINI
cr0912,0,46.077793,11.119193,100,CORSO DEGLI ALPINI
cr0913,0,46.077969,11.119045,100,CORSO DEGLI ALPINI
cr0914,0,46.078159,11.118889,100,CORSO DEGLI ALPINI
cr0915,0,46.078354,11.118725,100,CORSO DEGLI ALPINI
cr0916,0,46.078484,11.118618,100,CORSO DEGLI ALPINI
cr0917,0,46.077587,11.119233,100,CORSO DEGLI ALPINI
cr0918,0,46.077698,11.119150,100,CORSO DEGLI ALPINI
cr0919,0,46.077801,11.119060,100,CORSO DEGLI ALPINI
cr0920,0,46.077877,11.118979,100,CORSO DEGLI ALPINI
cr0921,0,46.077972,11.118915,100,CORSO DEGLI ALPINI
cr0922,0,46.078053,11.118839,100,CORSO DEGLI ALPINI
cr0923,0,46.057861,11.125363,2170,VIA ORTIGARA
cr0924,0,46.057693,11.125121,2170,VIA ORTIGARA
cr0925,0,46.057491,11.124853,3901,VIA G. MATTEOTTI
cr0926,0,46.057301,11.124591,3901,VIA G. MATTEOTTI
cr0927,0,46.056957,11.124104,3901,VIA G. MATTEOTTI
cr0928,0,46.056770,11.123859,3901,VIA G. MATTEOTTI
cr0929,0,46.056561,11.123333,3901,VIA G. MATTEOTTI
cr0930,0,46.056515,11.123106,3901,VIA G. MATTEOTTI
cr0931,0,46.056477,11.122910,3901,VIA G. MATTEOTTI
cr0932,0,46.056435,11.122671,3901,VIA G. MATTEOTTI
cr0933,0,46.056377,11.122411,3901,VIA G. MATTEOTTI
cr0934,0,46.056328,11.122151,3901,VIA G. MATTEOTTI
cr0935,0,46.056248,11.121738,3901,VIA G. MATTEOTTI
cr0936,0,46.056183,11.121407,3901,VIA G. MATTEOTTI
cr0937,0,46.056133,11.121153,3901,VIA G. MATTEOTTI
cr0938,0,46.056114,11.121068,3901,VIA G. MATTEOTTI
cr0939,0,46.056084,11.120920,3901,VIA G. MATTEOTTI
cr0940,0,46.056015,11.120553,3901,VIA G. MATTEOTTI
cr0941,0,46.056526,11.123438,3901,VIA G. MATTEOTTI
cr0942,0,46.056461,11.123104,3901,VIA G. MATTEOTTI
cr0943,0,46.056526,11.118904,1810,VIA C. MARTINI
cr0944,0,46.056503,11.118717,1810,VIA C. MARTINI
cr0945,0,46.056473,11.118399,1810,VIA C. MARTINI
cr0946,0,46.055893,11.118991,2020,VIA DEI MUREDEI
cr0947,0,46.055866,11.118873,2020,VIA DEI MUREDEI
cr0948,0,46.055946,11.118859,2020,VIA DEI MUREDEI
cr0949,0,46.055962,11.118926,2020,VIA DEI MUREDEI
cr0950,0,46.055973,11.118987,2020,VIA DEI MUREDEI
cr0951,0,46.056000,11.119032,2020,VIA DEI MUREDEI
cr0952,0,46.056046,11.119013,2020,VIA DEI MUREDEI
cr0953,0,46.066719,11.118850,3440,VIA G. VERDI
cr0954,0,46.066685,11.118681,3440,VIA G. VERDI
cr0955,0,46.066662,11.118452,3440,VIA G. VERDI
cr0956,0,46.066639,11.118183,3440,VIA G. VERDI
cr0957,0,46.056538,11.118199,2020,VIA DEI MUREDEI
cr0958,0,46.056217,11.118266,2020,VIA DEI MUREDEI
cr0959,0,46.056065,11.118303,2020,VIA DEI MUREDEI
cr0960,0,46.055893,11.118343,2020,VIA DEI MUREDEI
cr0961,0,46.078114,11.116364,2310,VIA G. PEDROTTI
cr0962,0,46.078354,11.116508,2310,VIA G. PEDROTTI
cr0963,0,46.078449,11.116565,2310,VIA G. PEDROTTI
cr0964,0,46.078522,11.116600,2310,VIA G. PEDROTTI
cr0965,0,46.078568,11.116622,2310,VIA G. PEDROTTI
cr0966,0,46.078640,11.116665,2310,VIA G. PEDROTTI
cr0967,0,46.078804,11.116750,2310,VIA G. PEDROTTI
cr0968,0,46.078873,11.116791,2310,VIA G. PEDROTTI
cr0969,0,46.078972,11.116841,2310,VIA G. PEDROTTI
cr0970,0,46.079346,11.117045,2310,VIA G. PEDROTTI
cr0971,0,46.079414,11.117093,2310,VIA G. PEDROTTI
cr0972,0,46.079494,11.117130,2310,VIA G. PEDROTTI
cr0973,0,46.074661,11.117350,1020,VIA DOSSO DOSSI
cr0974,0,46.074615,11.117548,1020,VIA DOSSO DOSSI
cr0975,0,46.074528,11.117899,1020,VIA DOSSO DOSSI
cr0976,0,46.074493,11.118034,1020,VIA DOSSO DOSSI
cr0977,0,46.074417,11.118354,1020,VIA DOSSO DOSSI
cr0978,0,46.074520,11.118130,1020,VIA DOSSO DOSSI
cr0979,0,46.074463,11.118391,1020,VIA DOSSO DOSSI
cr0980,0,46.075054,11.118733,140,VIA ANTONIO DA TRENTO
cr0981,0,46.075096,11.118518,140,VIA ANTONIO DA TRENTO
cr0982,0,46.075169,11.118232,140,VIA ANTONIO DA TRENTO
cr0983,0,46.075253,11.117865,140,VIA ANTONIO DA TRENTO
cr0984,0,46.075314,11.117573,140,VIA ANTONIO DA TRENTO
cr0985,0,46.075428,11.117071,140,VIA ANTONIO DA TRENTO
cr0986,0,46.075005,11.118715,140,VIA ANTONIO DA TRENTO
cr0987,0,46.075050,11.118501,140,VIA ANTONIO DA TRENTO
cr0988,0,46.075130,11.118126,140,VIA ANTONIO DA TRENTO
cr0989,0,46.075264,11.117557,140,VIA ANTONIO DA TRENTO
cr0990,0,46.075375,11.117086,140,VIA ANTONIO DA TRENTO
cr0991,0,46.077038,11.121396,3190,VIA A. STOPPANI
cr0992,0,46.077091,11.121168,3190,VIA A. STOPPANI
cr0993,0,46.077126,11.121015,3190,VIA A. STOPPANI
cr0994,0,46.077187,11.120744,3190,VIA A. STOPPANI
cr0995,0,46.077072,11.121017,3190,VIA A. STOPPANI
cr0996,0,46.077106,11.120822,3190,VIA A. STOPPANI
cr0997,0,46.077168,11.120570,3190,VIA A. STOPPANI
cr0998,0,46.077251,11.120218,3190,VIA A. STOPPANI
cr0999,0,46.055660,11.120044,2880,VIA SAN PIO X
cr1000,0,46.055637,11.119874,3530,VIA R. ZANDONAI
cr1001,0,46.055630,11.119806,3530,VIA R. ZANDONAI
cr1002,0,46.055443,11.120084,2880,VIA SAN PIO X
cr1003,0,46.055431,11.119985,2880,VIA SAN PIO X
cr1004,0,46.055408,11.119854,2880,VIA SAN PIO X
cr1005,0,46.055210,11.120142,2880,VIA SAN PIO X
cr1006,0,46.055206,11.120072,2880,VIA SAN PIO X
cr1007,0,46.055183,11.119921,2880,VIA SAN PIO X
cr1008,0,46.056816,11.119390,2880,VIA SAN PIO X
cr1009,0,46.056725,11.119533,2880,VIA SAN PIO X
cr1010,0,46.078945,11.117705,2070,VIA G. OBERZINER
cr1011,0,46.078671,11.117561,2070,VIA G. OBERZINER
cr1012,0,46.078472,11.117499,2070,VIA G. OBERZINER
cr1013,0,46.078228,11.117370,2070,VIA G. OBERZINER
cr1014,0,46.077984,11.117261,2070,VIA G. OBERZINER
cr1015,0,46.077911,11.117225,2070,VIA G. OBERZINER
cr1016,0,46.077785,11.117162,2070,VIA G. OBERZINER
cr1017,0,46.077682,11.117124,2070,VIA G. OBERZINER
cr1018,0,46.078907,11.117792,2070,VIA G. OBERZINER
cr1019,0,46.078648,11.117671,2070,VIA G. OBERZINER
cr1020,0,46.078384,11.117551,2070,VIA G. OBERZINER
cr1021,0,46.078194,11.117463,2070,VIA G. OBERZINER
cr1022,0,46.077957,11.117364,2070,VIA G. OBERZINER
cr1023,0,46.077831,11.117298,2070,VIA G. OBERZINER
cr1024,0,46.077702,11.117237,2070,VIA G. OBERZINER
cr1025,0,46.077583,11.117183,2070,VIA G. OBERZINER
cr1026,0,46.069454,11.112667,2230,VIA PAPIRIA
cr1027,0,46.069401,11.112700,2230,VIA PAPIRIA
cr1028,0,46.069435,11.112729,2230,VIA PAPIRIA
cr1029,0,46.069401,11.112769,2230,VIA PAPIRIA
cr1030,0,46.069527,11.112823,2230,VIA PAPIRIA
cr1031,0,46.069481,11.112873,2230,VIA PAPIRIA
cr1032,0,46.069477,11.112942,2230,VIA PAPIRIA
cr1033,0,46.069630,11.113007,2230,VIA PAPIRIA
cr1034,0,46.069595,11.113050,2230,VIA PAPIRIA
cr1035,0,46.069633,11.113086,2230,VIA PAPIRIA
cr1036,0,46.069668,11.113224,2230,VIA PAPIRIA
cr1037,0,46.069675,11.113293,2230,VIA PAPIRIA
cr1038,0,46.069763,11.113396,2230,VIA PAPIRIA
cr1039,0,46.069805,11.113443,2230,VIA PAPIRIA
cr1040,0,46.069763,11.113467,2230,VIA PAPIRIA
cr1041,0,46.069839,11.113571,2230,VIA PAPIRIA
cr1042,0,46.069885,11.113604,2230,VIA PAPIRIA
cr1043,0,46.069824,11.113658,2230,VIA PAPIRIA
cr1044,0,46.069790,11.113683,2230,VIA PAPIRIA
cr1045,0,46.069939,11.113733,2230,VIA PAPIRIA
cr1046,0,46.069904,11.113762,2230,VIA PAPIRIA
cr1047,0,46.069958,11.113591,2230,VIA PAPIRIA
cr1048,0,46.069756,11.113236,2230,VIA PAPIRIA
cr1049,0,46.077435,11.118226,1970,VIA C. MORONE
cr1050,0,46.077549,11.118277,1970,VIA C. MORONE
cr1051,0,46.077629,11.118306,1970,VIA C. MORONE
cr1052,0,46.077732,11.118359,1970,VIA C. MORONE
cr1053,0,46.077919,11.118444,1970,VIA C. MORONE
cr1054,0,46.078014,11.118487,1970,VIA C. MORONE
cr1055,0,46.078190,11.118569,1970,VIA C. MORONE
cr1056,0,46.077927,11.118347,1970,VIA C. MORONE
cr1057,0,46.078148,11.118456,1970,VIA C. MORONE
cr1058,0,46.077030,11.117980,3080,VIA G.A. SCOPOLI
cr1059,0,46.076878,11.117906,3080,VIA G.A. SCOPOLI
cr1060,0,46.076797,11.117875,3080,VIA G.A. SCOPOLI
cr1061,0,46.076588,11.117883,3080,VIA G.A. SCOPOLI
cr1062,0,46.076138,11.118004,3080,VIA G.A. SCOPOLI
cr1063,0,46.075939,11.118061,3080,VIA G.A. SCOPOLI
cr1064,0,46.075794,11.118095,3080,VIA G.A. SCOPOLI
cr1065,0,46.078026,11.117536,420,VIA G. BRESADOLA
cr1066,0,46.077957,11.117834,420,VIA G. BRESADOLA
cr1067,0,46.077885,11.118164,420,VIA G. BRESADOLA
cr1068,0,46.078098,11.117219,420,VIA G. BRESADOLA
cr1069,0,46.078133,11.117071,420,VIA G. BRESADOLA
cr1070,0,46.078175,11.116888,420,VIA G. BRESADOLA
cr1071,0,46.080463,11.116778,1570,VIA E. MACCANI
cr1072,0,46.080376,11.116861,1570,VIA E. MACCANI
cr1073,0,46.080280,11.116934,1570,VIA E. MACCANI
cr1074,0,46.078644,11.118331,100,CORSO DEGLI ALPINI
cr1075,0,46.078724,11.118278,100,CORSO DEGLI ALPINI
cr1076,0,46.078793,11.118235,100,CORSO DEGLI ALPINI
cr1077,0,46.078865,11.118165,100,CORSO DEGLI ALPINI
cr1078,0,46.078915,11.118129,100,CORSO DEGLI ALPINI
cr1079,0,46.079327,11.117771,100,CORSO DEGLI ALPINI
cr1080,0,46.079472,11.117647,100,CORSO DEGLI ALPINI
cr1081,0,46.078705,11.118432,100,CORSO DEGLI ALPINI
cr1082,0,46.078835,11.118319,100,CORSO DEGLI ALPINI
cr1083,0,46.078976,11.118201,100,CORSO DEGLI ALPINI
cr1084,0,46.079159,11.118052,100,CORSO DEGLI ALPINI
cr1085,0,46.079308,11.117921,100,CORSO DEGLI ALPINI
cr1086,0,46.079472,11.117790,100,CORSO DEGLI ALPINI
cr1087,0,46.077896,11.117630,420,VIA G. BRESADOLA
cr1088,0,46.077805,11.117592,4027,CRISTO RE
cr1089,0,46.077614,11.117496,850,PIAZZA DEL CONCILIO
cr1090,0,46.077457,11.117432,850,PIAZZA DEL CONCILIO
cr1091,0,46.077377,11.117389,850,PIAZZA DEL CONCILIO
cr1092,0,46.076546,11.119726,480,CORSO M. BUONARROTI
cr1093,0,46.076431,11.119676,480,CORSO M. BUONARROTI
cr1094,0,46.076321,11.119621,480,CORSO M. BUONARROTI
cr1095,0,46.075916,11.119425,480,CORSO M. BUONARROTI
cr1096,0,46.075874,11.119407,480,CORSO M. BUONARROTI
cr1097,0,46.075779,11.119366,480,CORSO M. BUONARROTI
cr1098,0,46.075638,11.119305,480,CORSO M. BUONARROTI
cr1099,0,46.075302,11.119135,480,CORSO M. BUONARROTI
cr1100,0,46.075226,11.119098,480,CORSO M. BUONARROTI
cr1101,0,46.075012,11.119003,480,CORSO M. BUONARROTI
cr1102,0,46.074898,11.118952,480,CORSO M. BUONARROTI
cr1103,0,46.074814,11.118905,480,CORSO M. BUONARROTI
cr1104,0,46.076584,11.119581,480,CORSO M. BUONARROTI
cr1105,0,46.076408,11.119502,480,CORSO M. BUONARROTI
cr1106,0,46.075352,11.119034,480,CORSO M. BUONARROTI
cr1107,0,46.075230,11.118972,480,CORSO M. BUONARROTI
cr1108,0,46.075100,11.118910,480,CORSO M. BUONARROTI
cr1109,0,46.074631,11.118700,480,CORSO M. BUONARROTI
cr1110,0,46.074539,11.118656,480,CORSO M. BUONARROTI
cr1111,0,46.072449,11.117802,480,CORSO M. BUONARROTI
cr1112,0,46.072521,11.117833,480,CORSO M. BUONARROTI
cr1113,0,46.072769,11.117946,480,CORSO M. BUONARROTI
cr1114,0,46.072872,11.117999,480,CORSO M. BUONARROTI
cr1115,0,46.073006,11.118065,480,CORSO M. BUONARROTI
cr1116,0,46.073090,11.118098,480,CORSO M. BUONARROTI
cr1117,0,46.073181,11.118145,480,CORSO M. BUONARROTI
cr1118,0,46.073414,11.118253,480,CORSO M. BUONARROTI
cr1119,0,46.073559,11.118314,480,CORSO M. BUONARROTI
cr1120,0,46.073822,11.118440,480,CORSO M. BUONARROTI
cr1121,0,46.072460,11.117661,480,CORSO M. BUONARROTI
cr1122,0,46.072540,11.117697,480,CORSO M. BUONARROTI
cr1123,0,46.072838,11.117832,480,CORSO M. BUONARROTI
cr1124,0,46.072903,11.117859,480,CORSO M. BUONARROTI
cr1125,0,46.072990,11.117905,480,CORSO M. BUONARROTI
cr1126,0,46.073475,11.118150,480,CORSO M. BUONARROTI
cr1127,0,46.073532,11.118181,480,CORSO M. BUONARROTI
cr1128,0,46.074184,11.118484,480,CORSO M. BUONARROTI
cr1129,0,46.074291,11.118534,480,CORSO M. BUONARROTI
cr1130,0,46.072155,11.117660,480,CORSO M. BUONARROTI
cr1131,0,46.072079,11.117626,480,CORSO M. BUONARROTI
cr1132,0,46.071983,11.117587,480,CORSO M. BUONARROTI
cr1133,0,46.071838,11.117516,480,CORSO M. BUONARROTI
cr1134,0,46.071671,11.117436,480,CORSO M. BUONARROTI
cr1135,0,46.071552,11.117382,480,CORSO M. BUONARROTI
cr1136,0,46.071430,11.117324,480,CORSO M. BUONARROTI
cr1137,0,46.071510,11.117231,480,CORSO M. BUONARROTI
cr1138,0,46.071602,11.117268,480,CORSO M. BUONARROTI
cr1139,0,46.076866,11.119762,570,PIAZZA GEN. A. CANTORE
cr1140,0,46.077019,11.119825,570,PIAZZA GEN. A. CANTORE
cr1141,0,46.077190,11.119910,570,PIAZZA GEN. A. CANTORE
cr1142,0,46.077400,11.119794,570,PIAZZA GEN. A. CANTORE
cr1143,0,46.077457,11.119535,570,PIAZZA GEN. A. CANTORE
cr1144,0,46.076534,11.121438,1480,VIA LAVISOTTO
cr1145,0,46.076736,11.121492,1480,VIA LAVISOTTO
cr1146,0,46.076897,11.121533,1480,VIA LAVISOTTO
cr1147,0,46.076988,11.121559,1480,VIA LAVISOTTO
cr1148,0,46.076679,11.121413,1480,VIA LAVISOTTO
cr1149,0,46.076817,11.121452,1480,VIA LAVISOTTO
cr1150,0,46.076908,11.121474,1480,VIA LAVISOTTO
cr1151,0,46.063980,11.131097,1340,VIA B. GIOVANELLI
sd001_1,2,46.067726,11.126756,3400,PIAZZA VENEZIA
sd001_2,2,46.067757,11.126767,3400,PIAZZA VENEZIA
sd001_3,2,46.067780,11.126783,3400,PIAZZA VENEZIA
sd001_4,2,46.067822,11.126802,3400,PIAZZA VENEZIA
sd002_1,2,46.067913,11.126855,3400,PIAZZA VENEZIA
sd002_2,2,46.067936,11.126867,3400,PIAZZA VENEZIA
sd002_3,2,46.067966,11.126885,3400,PIAZZA VENEZIA
sd002_4,2,46.067993,11.126899,3400,PIAZZA VENEZIA
sd003_1,2,46.068104,11.126962,3400,PIAZZA VENEZIA
sd003_2,2,46.068130,11.126978,3400,PIAZZA VENEZIA
sd003_3,2,46.068161,11.126993,3400,PIAZZA VENEZIA
sd003_4,2,46.068192,11.127010,3400,PIAZZA VENEZIA
sd004_3,2,46.069187,11.127257,3430,VIA DEI VENTUNO
sd005_1,2,46.070675,11.126649,800,VIA CARD. BERNARDO CLESIO
sd005_2,2,46.070694,11.126643,800,VIA CARD. BERNARDO CLESIO
sd005_3,2,46.070721,11.126637,800,VIA CARD. BERNARDO CLESIO
sd006_1,2,46.071991,11.125314,3030,PIAZZA RAFFAELLO SANZIO
sd006_2,2,46.071995,11.125250,3210,VIA DEL SUFFRAGIO
sd007_1,2,46.071487,11.124351,3310,VIA TORRE VERDE
sd007_2,2,46.071468,11.124328,3310,VIA TORRE VERDE
sd007_3,2,46.071449,11.124304,3310,VIA TORRE VERDE
sd007_4,2,46.071434,11.124282,3310,VIA TORRE VERDE
sd007_5,2,46.071415,11.124257,3310,VIA TORRE VERDE
sd008_1,2,46.071442,11.123475,1280,VIA A. GAZZOLETTI
sd008_2,2,46.071453,11.123436,1280,VIA A. GAZZOLETTI
sd009_1,2,46.070805,11.123153,3310,VIA TORRE VERDE
sd009_2,2,46.070789,11.123120,3310,VIA TORRE VERDE
sd009_3,2,46.070778,11.123088,3310,VIA TORRE VERDE
sd010_1,2,46.069988,11.118321,3300,VIA TORRE VANGA
sd010_2,2,46.069984,11.118281,3300,VIA TORRE VANGA
sd011_1,2,46.069435,11.118401,2530,VIA DELLA PREPOSITURA
sd011_2,2,46.069412,11.118409,2530,VIA DELLA PREPOSITURA
sd012_1,2,46.068909,11.118673,2530,VIA DELLA PREPOSITURA
sd012_2,2,46.068886,11.118682,2530,VIA DELLA PREPOSITURA
sd012_3,2,46.068871,11.118687,2530,VIA DELLA PREPOSITURA
sd012_4,2,46.068855,11.118690,2530,VIA DELLA PREPOSITURA
sd013_1,2,46.068012,11.118836,2670,VIA A. ROSMINI
sd013_2,2,46.067997,11.118837,2670,VIA A. ROSMINI
sd014_1,2,46.067741,11.118722,2670,VIA A. ROSMINI
sd014_2,2,46.067722,11.118727,2670,VIA A. ROSMINI
sd015_1,2,46.067616,11.118755,2670,VIA A. ROSMINI
sd015_2,2,46.067600,11.118758,2670,VIA A. ROSMINI
sd015_3,2,46.067581,11.118762,2670,VIA A. ROSMINI
sd015_4,2,46.067566,11.118767,2670,VIA A. ROSMINI
sd016_1,2,46.066025,11.119069,2670,VIA A. ROSMINI
sd016_2,2,46.066006,11.119072,2670,VIA A. ROSMINI
sd017_1,2,46.065990,11.120125,2510,VIA G. PRATI
sd017_2,2,46.065994,11.120161,2510,VIA G. PRATI
sd018_1,2,46.064743,11.123262,2950,VIA SANTA CROCE
sd018_2,2,46.064724,11.123264,2950,VIA SANTA CROCE
sd019_1,2,46.064796,11.125355,2780,VIA SAN GIOVANNI BOSCO
sd019_2,2,46.064785,11.125417,2780,VIA SAN GIOVANNI BOSCO
sd019_3,2,46.064777,11.125472,2780,VIA SAN GIOVANNI BOSCO
sd019_4,2,46.064770,11.125529,2780,VIA SAN GIOVANNI BOSCO
sd020_2,2,46.066013,11.127413,2450,VIA C. A. PILATI
sd021_1,2,46.066891,11.126056,2750,VIA S. FRANCESCO D'ASSISI
sd021_2,2,46.066883,11.126090,2750,VIA S. FRANCESCO D'ASSISI
sd022_1,2,46.066643,11.127514,2250,VIA DEI PARADISI
sd022_2,2,46.066673,11.127531,2250,VIA DEI PARADISI
sd023_1,2,46.067013,11.128792,1400,VIA DON GIUSEPPE GRAZIOLI
sd023_2,2,46.067024,11.128730,1400,VIA DON GIUSEPPE GRAZIOLI
sd024_1,2,46.067303,11.127242,1400,VIA DON GIUSEPPE GRAZIOLI
sd024_2,2,46.067303,11.127214,1400,VIA DON GIUSEPPE GRAZIOLI
sd025,2,46.069702,11.127678,3400,PIAZZA VENEZIA
sd026_1,2,46.064201,11.121520,3420,VIA 24 MAGGIO
sd026_2,2,46.064232,11.121515,3420,VIA 24 MAGGIO
sd027_1,2,46.063839,11.123448,2950,VIA SANTA CROCE
sd027_2,2,46.063808,11.123455,2950,VIA SANTA CROCE
sd027_3,2,46.063778,11.123462,2950,VIA SANTA CROCE
sd028,1,46.069908,11.127716,2475,PORT'AQUILA
sd029,1,46.071709,11.124108,2320,PIAZZA S. PELLICO
sd030,1,46.071728,11.124044,2320,PIAZZA S. PELLICO
sd031,1,46.070599,11.122637,3310,VIA TORRE VERDE
sd032,1,46.069874,11.117719,1500,PIAZZA LEONARDO DA VINCI
sd033,1,46.067329,11.118812,2670,VIA A. ROSMINI
sd034,1,46.067314,11.118816,2670,VIA A. ROSMINI
sd035,1,46.065834,11.119134,2670,VIA A. ROSMINI
sd036,1,46.065804,11.119141,2670,VIA A. ROSMINI
sd037,1,46.065788,11.119144,2670,VIA A. ROSMINI
sd038,1,46.066109,11.120709,2510,VIA G. PRATI
sd039,1,46.065647,11.121196,1080,VIA C. ESTERLE
sd040,1,46.065624,11.121194,1080,VIA C. ESTERLE
sd041,1,46.064598,11.123284,2950,VIA SANTA CROCE
sd042,1,46.064857,11.125025,2780,VIA SAN GIOVANNI BOSCO
sd043,1,46.064842,11.125111,2780,VIA SAN GIOVANNI BOSCO
sd044,1,46.064827,11.125192,2780,VIA SAN GIOVANNI BOSCO
sd045,1,46.065525,11.124773,940,VIA DIETRO LE MURA A
sd046,1,46.066101,11.126714,2450,VIA C. A. PILATI
sd047,1,46.066090,11.126750,2450,VIA C. A. PILATI
sd048,1,46.065937,11.127702,2450,VIA C. A. PILATI
sd049,1,46.065926,11.127749,2450,VIA C. A. PILATI
sd050,1,46.066296,11.127328,2250,VIA DEI PARADISI
sd051,1,46.066334,11.127351,2250,VIA DEI PARADISI
sd052,1,46.066875,11.126125,2750,VIA S. FRANCESCO D'ASSISI
sd053,1,46.067085,11.128532,1400,VIA DON GIUSEPPE GRAZIOLI
sd054,1,46.067097,11.128479,1400,VIA DON GIUSEPPE GRAZIOLI
sd055,1,46.067272,11.127360,1400,VIA DON GIUSEPPE GRAZIOLI
sd056,1,46.067287,11.127316,1400,VIA DON GIUSEPPE GRAZIOLI
sd057,1,46.065109,11.119307,2670,VIA A. ROSMINI
sd058,1,46.065353,11.119676,390,VIA G. BORSIERI
sd059,1,46.065437,11.120447,390,VIA G. BORSIERI
sd060,1,46.064404,11.121458,3420,VIA 24 MAGGIO
sd061,1,46.063805,11.122514,1600,VIA CARD. C. MADRUZZO
sd062,1,46.070976,11.121407,880,PIAZZA DANTE
sd063,1,46.071075,11.121193,880,PIAZZA DANTE
